{
  "analysis_info": {
    "timestamp": "2025-06-21T19:40:15.807507",
    "max_songs_per_collection": null,
    "collections_analyzed": 4,
    "analysis_type": "song_similarity_matrices"
  },
  "collection_results": {
    "simple_avg": {
      "n_songs": 5719,
      "collection_name": "music_songs_embeddings",
      "triangle_size": 16350621,
      "triangle_stats": {
        "mean": 0.0016268149483948946,
        "std": 0.0004552451428025961,
        "min": -0.0003124744398519397,
        "max": 0.0032055312767624855
      }
    },
    "weighted_avg": {
      "n_songs": 5719,
      "collection_name": "music_weighted_embeddings",
      "triangle_size": 16350621,
      "triangle_stats": {
        "mean": 0.0015951076056808233,
        "std": 0.0004622949636541307,
        "min": -0.00032786629162728786,
        "max": 0.003214467316865921
      }
    },
    "representative": {
      "n_songs": 5719,
      "collection_name": "music_representative_embeddings",
      "triangle_size": 16350621,
      "triangle_stats": {
        "mean": 0.0013711447827517986,
        "std": 0.00045951970969326794,
        "min": -0.0005106310127303004,
        "max": 0.0030772038735449314
      }
    },
    "full_songs": {
      "n_songs": 5719,
      "collection_name": "music_full_songs_embeddings",
      "triangle_size": 16350621,
      "triangle_stats": {
        "mean": 0.00130740599706769,
        "std": 0.00045613982365466654,
        "min": -0.0006575571605935693,
        "max": 0.003107769414782524
      }
    }
  },
  "spearman_correlations": {
    "simple_avg_vs_weighted_avg": {
      "spearman_correlation": 0.9881996784475424,
      "spearman_p_value": 0.0,
      "comparison_size": 16350621,
      "significance": "significant"
    },
    "simple_avg_vs_representative": {
      "spearman_correlation": 0.8976871003825482,
      "spearman_p_value": 0.0,
      "comparison_size": 16350621,
      "significance": "significant"
    },
    "simple_avg_vs_full_songs": {
      "spearman_correlation": 0.7487981956882886,
      "spearman_p_value": 0.0,
      "comparison_size": 16350621,
      "significance": "significant"
    },
    "weighted_avg_vs_representative": {
      "spearman_correlation": 0.9066138035516499,
      "spearman_p_value": 0.0,
      "comparison_size": 16350621,
      "significance": "significant"
    },
    "weighted_avg_vs_full_songs": {
      "spearman_correlation": 0.7573828834458101,
      "spearman_p_value": 0.0,
      "comparison_size": 16350621,
      "significance": "significant"
    },
    "representative_vs_full_songs": {
      "spearman_correlation": 0.7247211124379859,
      "spearman_p_value": 0.0,
      "comparison_size": 16350621,
      "significance": "significant"
    }
  }
}